City_ID,City,Lat,Lng,Max Temp,Humidity,Cloudiness,Wind Speed,Country,Date
0,whitehorse,60.7161,-135.0538,273.76,64,75,9.77,CA,1682610033.9543905
1,xianning,29.8833,114.2167,291.49,77,65,0.79,CN,1682610033.9984877
2,edinburgh of the seven seas,-37.0676,-12.3116,290.43,77,97,8.64,SH,1682610034.0458343
3,yellowknife,62.456,-114.3525,273.46,100,100,4.63,CA,1682610034.0932534
4,aleksandrovsk-sakhalinskiy,50.8975,142.1561,273.4,99,100,1.61,RU,1682610034.1359096
5,aykhal,66.0,111.5,261.63,97,37,1.7,RU,1682610034.1825988
6,anadyr,64.75,177.4833,258.43,92,20,5.0,RU,1682610034.2145858
7,avarua,-21.2078,-159.775,297.18,78,20,2.57,CK,1682610034.2622895
8,port alfred,-33.5906,26.891,293.81,83,6,2.68,ZA,1682610034.2992935
9,dudinka,69.4058,86.1778,261.83,99,90,0.97,RU,1682610034.3486862
10,sarmiento,-45.5882,-69.07,286.1,30,100,4.82,AR,1682610034.4814413
11,port mathurin,-19.6833,63.4167,299.41,80,42,6.79,MU,1682610034.5270154
12,keflavik,64.0049,-22.5624,277.39,81,75,5.14,IS,1682610034.6164377
13,georgetown,5.4112,100.3354,301.11,89,40,1.03,MY,1682610034.6670024
14,papatowai,-46.5619,169.4708,282.13,93,1,1.56,NZ,1682610034.7081804
15,happy valley-goose bay,53.3168,-60.3315,279.32,65,40,2.06,CA,1682610034.7567196
16,stanley,54.868,-1.6985,285.21,65,20,3.09,GB,1682610034.8002906
17,barbastro,42.0356,0.1269,301.25,21,92,3.94,ES,1682610034.8463233
18,waingapu,-9.6567,120.2641,299.32,86,100,3.59,ID,1682610034.894946
19,kapuskasing,49.4169,-82.4331,277.15,70,100,3.09,CA,1682610034.9358544
20,waitangi,-43.9535,-176.5597,283.05,62,78,13.18,NZ,1682610034.9741824
21,port-aux-francais,-49.35,70.2167,278.31,67,96,11.29,TF,1682610035.0138462
22,qaqortoq,60.7167,-46.0333,275.97,74,89,3.47,GL,1682610035.1070836
23,kodiak,57.79,-152.4072,275.88,87,100,3.6,US,1682610035.147663
24,adamstown,-25.066,-130.1015,296.66,70,99,2.04,PN,1682610035.1854064
25,marat,25.0701,45.4615,302.27,21,0,2.22,SA,1682610035.2265015
26,san julian,21.0167,-102.1667,296.75,10,87,3.61,MX,1682610035.271002
27,talnakh,69.4865,88.3972,261.6,98,100,0.92,RU,1682610035.3108969
28,vorgashor,67.5833,63.95,266.65,89,63,7.06,RU,1682610035.3499303
29,san antonio la paz,14.7497,-90.2867,297.11,50,95,0.73,GT,1682610035.3943264
30,jining,35.405,116.5814,288.05,81,41,3.69,CN,1682610035.4382515
31,iqaluit,63.7506,-68.5145,273.0,86,75,6.17,CA,1682610035.482709
32,puerto natales,-51.7236,-72.4875,279.4,87,100,5.14,CL,1682610035.522865
33,ulladulla,-35.35,150.4667,288.19,81,0,3.2,AU,1682610035.5635483
34,yelizovo,53.1873,158.3805,276.23,52,0,1.0,RU,1682610035.6027246
35,ribeira grande,38.5167,-28.7,291.37,82,40,7.72,PT,1682610035.64876
36,ancud,-41.8697,-73.8203,283.25,94,100,1.9,CL,1682610035.7008693
37,udachny,66.4167,112.4,261.31,96,54,1.69,RU,1682610035.733644
38,margate,51.3813,1.3862,286.65,67,93,2.24,GB,1682610035.7906122
39,dhuusamarreeb,5.535,46.3861,305.56,46,56,7.29,SO,1682610035.8366475
40,lebu,-37.6167,-73.65,290.36,68,52,4.6,CL,1682610035.8718617
41,la'ie,21.6477,-157.9253,296.13,91,43,3.57,US,1682610035.9229858
42,quiberon,47.4841,-3.1196,289.93,93,100,0.45,FR,1682610035.9654975
43,port elizabeth,-33.918,25.5701,294.32,79,20,10.8,ZA,1682610036.0017889
44,nova sintra,14.8667,-24.7167,293.44,75,10,6.78,CV,1682610036.0487998
45,margaret river,-33.95,115.0667,285.74,72,64,3.92,AU,1682610036.089748
46,mariental,-24.6333,17.9667,298.2,44,47,12.07,NA,1682610036.1883745
47,albany,42.6001,-73.9662,283.96,77,93,0.31,US,1682610036.2580879
48,hamilton,39.1834,-84.5333,289.94,54,0,3.6,US,1682610036.3007329
49,tazovsky,67.4667,78.7,264.9,93,92,1.56,RU,1682610036.3342276
50,coquimbo,-29.9533,-71.3436,288.0,82,100,2.57,CL,1682610036.3831844
51,bedugul,-8.2847,115.1606,292.66,97,93,0.63,ID,1682610036.4227254
52,bethel,41.3712,-73.414,284.07,83,100,0.0,US,1682610036.4701722
53,rongelap,11.1635,166.8941,300.05,82,39,8.62,MH,1682610036.517955
54,kingston,17.997,-76.7936,304.4,70,58,0.89,JM,1682610036.556703
55,dalian,38.9122,121.6022,285.11,66,0,7.0,CN,1682610036.6007798
56,adrar,20.5022,-10.0711,311.48,6,0,5.31,MR,1682610036.6497102
57,klyuchi,52.2667,79.1667,290.14,44,100,3.74,RU,1682610036.6878324
58,chokwe,-24.5333,32.9833,299.86,52,0,4.09,MZ,1682610036.7238333
59,saint-philippe,-21.3585,55.7679,297.92,78,14,3.59,RE,1682610036.773201
60,cabo san lucas,22.8909,-109.9124,297.93,79,20,0.89,MX,1682610036.8184297
61,ust'-kulom,61.6864,53.6902,272.81,84,91,4.22,RU,1682610036.874201
62,balaklava,44.5,33.6,285.58,62,100,6.78,UA,1682610036.9162722
63,filadelfia,39.9523,-75.1638,286.77,80,100,2.57,US,1682610036.956327
64,orkney,-26.9802,26.6727,297.02,37,85,3.21,ZA,1682610036.990419
65,berdigestyakh,62.0989,126.6992,267.0,98,56,2.01,RU,1682610037.0349247
66,geraldton,-28.7667,114.6,288.38,72,0,5.66,AU,1682610037.0634701
67,hami,42.8,93.45,284.87,10,0,6.09,CN,1682610037.1151702
68,belmonte,-15.8631,-38.8828,301.98,59,12,3.29,BR,1682610037.1498058
69,selfoss,63.9331,-20.9971,275.4,96,100,2.29,IS,1682610037.1973958
70,cururupu,-1.8283,-44.8683,302.92,63,95,1.58,BR,1682610037.2804854
71,tibati,6.4667,12.6333,299.79,64,86,3.52,CM,1682610037.3306391
72,yuzhno-kurilsk,44.0306,145.8556,278.67,63,14,5.28,RU,1682610037.3819332
73,usinsk,65.9939,57.5281,269.53,87,57,8.28,RU,1682610037.4132147
74,bilibino,68.0546,166.4372,255.22,89,11,2.23,RU,1682610037.4686458
75,grytviken,-54.2811,-36.5092,276.35,92,46,4.24,GS,1682610037.5122333
76,concepcion del oro,24.6333,-101.4167,293.79,11,0,3.24,MX,1682610037.5585017
77,invercargill,-46.4,168.35,280.88,97,33,1.91,NZ,1682610037.6004717
78,clovis,36.8252,-119.7029,298.18,49,0,3.6,US,1682610037.6812458
79,college,64.8569,-147.8028,273.82,72,75,0.0,US,1682610037.726248
80,colonia,50.9333,6.95,291.38,38,0,2.57,DE,1682610037.7732513
81,isafjordur,66.0755,-23.124,274.17,51,40,6.17,IS,1682610037.821541
82,blackmans bay,-43.0167,147.3167,288.22,87,23,3.39,AU,1682610037.8749325
83,tiksi,71.6872,128.8694,259.49,86,5,1.81,RU,1682610037.9232569
84,east london,-33.0153,27.9116,294.67,78,0,5.66,ZA,1682610037.9627051
85,hateg,45.6167,22.95,283.58,54,74,3.83,RO,1682610038.0016046
86,bredasdorp,-34.5322,20.0403,290.04,68,99,4.44,ZA,1682610038.0418997
87,kununurra,-15.7667,128.7333,297.14,88,43,1.54,AU,1682610038.0831935
88,tokar,18.4254,37.729,302.49,63,34,4.35,SD,1682610038.1282144
89,saipan,15.1355,145.701,300.54,89,0,7.2,MP,1682610038.1733184
90,ilulissat,69.2167,-51.1,274.16,80,40,1.54,GL,1682610038.257087
91,qala i naw,34.9874,63.1289,295.09,23,0,1.45,AF,1682610038.2984605
92,mount pearl,47.5166,-52.7813,278.13,85,100,10.29,CA,1682610038.3388
93,jinchang,38.4953,102.1739,281.04,44,68,8.97,CN,1682610038.380647
94,zinjibar,13.1287,45.3807,303.92,62,63,0.32,YE,1682610038.4125488
95,lodja,-3.4833,23.4333,299.75,73,100,0.42,CD,1682610038.4694955
96,bardai,11.65,7.2333,306.91,25,85,3.2,NG,1682610038.5151947
97,lakatoro,-16.0999,167.4164,298.85,79,2,2.27,VU,1682610038.550607
98,yorkton,51.2167,-102.4677,280.06,61,0,5.14,CA,1682610038.5948665
99,fort st. john,56.2499,-120.8529,278.09,52,75,5.66,CA,1682610038.6424613
100,hermanus,-34.4187,19.2345,290.82,78,79,4.54,ZA,1682610038.6924973
101,karratha,-20.7377,116.8463,300.57,49,100,2.34,AU,1682610038.7331476
102,wanganui,-39.9333,175.05,279.59,94,2,2.96,NZ,1682610038.78514
103,mamuju,-2.6748,118.8885,299.74,81,98,1.64,ID,1682610038.825164
104,thompson,55.7435,-97.8558,274.24,64,0,6.69,CA,1682610038.9158957
105,banjarmasin,-3.3244,114.591,299.23,95,100,0.89,ID,1682610038.9533079
106,reuleuet,5.2167,96.2833,300.27,82,100,1.51,ID,1682610039.005405
107,longyearbyen,78.2186,15.6401,271.06,69,0,5.14,SJ,1682610039.0457652
108,saint-francois,46.4154,3.9054,294.84,46,0,2.06,FR,1682610039.0865924
109,ulety,51.3572,112.4849,273.0,77,95,1.47,RU,1682610039.1363356
110,visakhapatnam,17.69,83.2093,300.09,61,40,1.54,IN,1682610039.168202
111,pisco,-13.7,-76.2167,297.18,78,7,3.09,PE,1682610039.219563
112,kolda,12.8833,-14.95,313.32,21,0,4.12,SN,1682610039.2672393
113,wailua homesteads,22.0669,-159.378,292.39,82,0,4.12,US,1682610039.3030975
114,iskateley,67.6803,53.1512,270.38,87,100,5.57,RU,1682610039.35104
115,kone,-21.0595,164.8658,294.08,91,11,2.14,NC,1682610039.3845131
116,remire-montjoly,4.9167,-52.2667,300.17,89,75,2.06,GF,1682610039.4935
117,punta arenas,-53.15,-70.9167,281.21,61,20,13.38,CL,1682610039.537899
118,la paz,-16.5,-68.15,288.14,34,20,1.79,BO,1682610039.582783
119,saint-joseph,-21.3667,55.6167,297.36,79,14,2.57,RE,1682610039.6324658
120,callao,-12.0667,-77.15,299.31,65,0,4.63,PE,1682610039.6688135
121,preobrazheniye,42.9019,133.9064,278.37,91,65,3.67,RU,1682610039.7013175
122,carnarvon,-24.8667,113.6333,294.44,57,49,10.18,AU,1682610039.7558897
123,haiku-pauwela,20.9219,-156.3051,294.84,89,100,3.09,US,1682610039.8064222
124,new norfolk,-42.7826,147.0587,288.87,68,58,0.69,AU,1682610039.8481593
125,lazaro cardenas,17.9583,-102.2,301.39,55,66,1.75,MX,1682610039.8848627
126,carbonear,47.7332,-53.2148,278.84,74,11,7.35,CA,1682610039.9304128
127,polyarnyy,69.1989,33.4478,274.83,86,37,7.27,RU,1682610039.975183
128,mar del plata,-38.0023,-57.5575,295.28,73,20,2.57,AR,1682610040.022437
129,olonkinbyen,70.9221,-8.7187,272.03,95,100,9.88,SJ,1682610040.0634227
130,ust'-ilimsk,58.0006,102.6619,269.71,96,34,2.08,RU,1682610040.1108696
131,chernomorskoye,45.5039,32.6997,284.21,88,100,8.34,UA,1682610040.1480627
132,holualoa,19.6228,-155.9522,293.06,91,0,2.24,US,1682610040.1963897
133,nadym,65.5333,72.5167,268.28,92,83,6.08,RU,1682610040.2492337
134,vila velha,-20.3297,-40.2925,305.12,66,20,4.12,BR,1682610040.3428097
135,kiuruvesi,63.65,26.6167,277.63,97,100,2.76,FI,1682610040.3864925
136,morehead city,34.7229,-76.726,294.28,77,100,3.6,US,1682610040.4287174
137,gazojak,41.1875,61.4036,297.94,8,0,4.77,TM,1682610040.476121
138,boa vista,2.8197,-60.6733,301.14,69,40,2.57,BR,1682610040.5143168
139,fort bragg,35.139,-79.006,290.9,89,100,3.09,US,1682610040.5614898
140,egilsstadir,65.2653,-14.3948,273.1,47,75,4.12,IS,1682610040.5956454
141,alofi,-19.0595,-169.9187,297.09,100,100,1.54,NU,1682610040.6439683
142,kuanda,56.3161,116.0806,270.42,72,29,0.65,RU,1682610040.9517224
143,santander,43.4647,-3.8044,296.88,95,0,2.06,ES,1682610040.998004
144,likiep,9.8251,169.3107,300.12,81,96,7.07,MH,1682610041.0452068
145,belyy yar,53.6039,91.3903,282.09,87,40,5.0,RU,1682610041.0946777
146,west island,-12.1568,96.8225,300.14,89,75,6.69,CC,1682610041.134707
147,ciudad lazaro cardenas,17.9583,-102.2,301.39,55,66,1.75,MX,1682610041.16589
148,roma,43.2128,-75.4557,285.58,46,4,0.39,US,1682610041.2115943
149,brisas de zicatela,15.8369,-97.0419,301.44,74,0,0.0,MX,1682610041.2591255
150,chonchi,-42.6128,-73.8092,283.22,92,100,1.08,CL,1682610041.2937076
151,bratske,47.865,31.5731,281.34,81,99,7.12,UA,1682610041.3474243
152,tralee,52.2704,-9.7026,288.29,77,75,5.14,IE,1682610041.3961732
153,aasiaat,68.7098,-52.8699,272.18,87,96,3.64,GL,1682610041.432114
154,villa de cos,23.2833,-102.35,295.74,10,0,4.74,MX,1682610041.4857137
155,hassi messaoud,31.6804,6.0729,310.07,7,0,2.57,DZ,1682610041.5259576
156,mangawan,24.6833,81.55,305.37,20,67,0.28,IN,1682610041.5817842
157,jamestown,42.097,-79.2353,285.38,48,0,3.09,US,1682610041.6169407
158,arkalyk,50.2486,66.9114,292.41,31,51,2.68,KZ,1682610041.6630762
159,guarapari,-20.6667,-40.4975,304.2,63,9,3.21,BR,1682610041.7187233
160,tahe,52.3333,124.7333,272.83,57,52,0.59,CN,1682610041.7755973
161,xinzhou,38.4092,112.7333,284.48,67,100,0.69,CN,1682610041.8244267
162,gilgit,35.9221,74.3087,288.37,60,100,2.78,PK,1682610041.867934
163,hilo,19.7297,-155.09,297.19,83,100,2.06,US,1682610041.9115574
164,fort mcmurray,56.7268,-111.381,277.92,75,0,1.54,CA,1682610041.9559126
165,ak'ordat,15.5486,37.8867,308.35,20,40,4.91,ER,1682610041.996549
166,inhambane,-23.865,35.3833,300.14,74,20,3.09,MZ,1682610042.0393448
167,el porvenir,13.7617,-87.3458,300.78,59,100,1.89,HN,1682610042.0877237
168,crane,31.3974,-102.3501,288.97,39,0,4.45,US,1682610042.1804364
169,tsiombe,-25.3,45.4833,293.68,82,30,3.12,MG,1682610042.2256494
170,zhangye,38.9342,100.4517,277.67,46,97,12.17,CN,1682610042.2734103
171,tamanrasset,22.785,5.5228,306.1,7,40,8.23,DZ,1682610042.3127034
172,mahina,-17.5065,-149.489,298.02,83,20,1.54,PF,1682610042.3522398
173,vertientes,21.2594,-78.1464,302.49,42,100,3.55,CU,1682610042.395013
174,baoding,38.8511,115.4903,287.22,89,100,1.72,CN,1682610042.4338784
175,polyany,54.7122,39.8231,289.03,62,58,1.87,RU,1682610042.477309
176,vorkuta,67.5,64.0,266.77,89,67,6.87,RU,1682610042.516357
177,al qusiyah,27.4402,30.8184,306.3,14,0,4.98,EG,1682610042.548749
178,lesosibirsk,58.2358,92.4828,274.25,99,100,2.71,RU,1682610042.5968614
179,petropavlovsk-kamchatsky,53.0452,158.6483,275.48,52,0,1.0,RU,1682610042.6469126
180,birjand,32.8663,59.2211,295.41,17,0,2.06,IR,1682610042.6870537
181,pudozh,61.8099,36.5345,284.66,68,96,3.3,RU,1682610042.7276945
182,nouna,12.7333,-3.8667,313.36,4,66,2.33,BF,1682610042.8286452
183,kristiansund,63.1115,7.732,278.51,75,75,6.17,NO,1682610042.879623
184,mugia,43.1041,-9.2179,295.88,75,100,3.96,ES,1682610042.925161
185,chilca,-12.5211,-76.7372,296.82,77,84,3.27,PE,1682610042.964732
186,tocopilla,-22.092,-70.1979,295.82,66,16,5.04,CL,1682610043.076222
187,chinsali,-10.5414,32.0816,290.67,87,9,2.35,ZM,1682610043.1158502
188,gaoual,11.75,-13.2,314.39,13,98,2.12,GN,1682610043.1621904
189,nichinan,31.6,131.3667,285.97,72,19,1.63,JP,1682610043.2621715
190,isangel,-19.55,169.2667,298.21,88,75,2.06,VU,1682610043.306386
191,ghanzi,-21.5667,21.7833,301.31,26,94,0.37,BW,1682610043.3523018
192,arteche,12.2645,125.4048,299.26,88,71,2.22,PH,1682610043.4359386
193,sanctuary point,-35.1114,150.629,290.79,89,2,3.24,AU,1682610043.480162
194,brookings,44.3114,-96.7984,289.51,50,20,7.2,US,1682610043.6301394
195,kangding,30.0513,101.9603,282.21,97,97,2.13,CN,1682610043.6888332
196,okhotsk,59.3833,143.3,269.97,91,91,4.29,RU,1682610043.7319465
197,mitu,1.1983,-70.1733,300.08,87,27,0.29,CO,1682610043.77673
198,villamontes,-21.25,-63.5,295.84,78,75,0.0,BO,1682610043.826743
199,toliara,-23.35,43.6667,296.6,73,0,7.29,MG,1682610043.8726788
200,arraial do cabo,-22.9661,-42.0278,300.13,78,0,5.14,BR,1682610043.917209
201,boende,-0.2167,20.8667,301.21,62,83,0.94,CD,1682610043.9472406
202,touros,-5.1989,-35.4608,299.55,85,97,3.34,BR,1682610043.997579
203,ashchysay,43.5542,68.8889,289.38,23,0,8.87,KZ,1682610044.0269718
204,yinchuan,38.4681,106.2731,285.54,27,92,6.42,CN,1682610044.077594
205,ust-nera,64.5667,143.2,263.22,91,100,0.7,RU,1682610044.1072094
206,lata,40.1629,-8.3327,304.22,45,84,4.26,PT,1682610044.1637352
207,valparaiso,-33.0393,-71.6273,289.26,86,100,1.54,CL,1682610044.202666
208,igbor,7.4527,8.6098,305.43,46,93,5.29,NG,1682610044.2355762
209,yarmouth,41.7057,-70.2286,287.02,76,75,3.13,US,1682610044.2890265
210,abbeville,50.1,1.8333,291.07,73,100,4.61,FR,1682610044.408175
211,tazacorte,28.629,-17.9293,297.12,72,75,2.68,ES,1682610044.4483674
212,san jose de jachal,-30.2406,-68.7469,297.95,23,0,3.17,AR,1682610044.488405
213,kiama,-34.6833,150.8667,290.93,89,9,4.45,AU,1682610044.5522916
214,linqiong,30.4159,103.4609,295.05,77,100,2.78,CN,1682610044.5887551
215,la libertad,-2.2333,-80.9,300.64,74,81,1.82,EC,1682610044.6331162
216,ushuaia,-54.8,-68.3,280.94,87,75,8.23,AR,1682610044.7115803
217,sinabang,2.4803,96.3801,299.65,85,100,2.37,ID,1682610044.7530165
218,badger,64.8,-147.5333,273.78,80,75,0.0,US,1682610044.7982714
219,khorramabad,33.4878,48.3558,295.94,28,20,3.09,IR,1682610044.8402424
220,utrik,11.2278,169.8474,299.7,83,54,8.01,MH,1682610044.8888407
221,urucara,-2.5364,-57.76,304.73,56,99,1.94,BR,1682610044.9655898
222,nouadhibou,20.931,-17.0347,296.14,64,0,8.23,MR,1682610045.0150378
223,ahtari,62.554,24.0619,278.74,83,100,1.3,FI,1682610045.0612373
224,eyl,7.9803,49.8164,302.61,73,42,4.75,SO,1682610045.1082306
225,phan thiet,10.9333,108.1,299.84,84,45,6.25,VN,1682610045.1466084
226,berdyansk,46.7503,36.7944,288.05,66,94,1.31,UA,1682610045.1994705
227,afaahiti,-17.75,-149.2833,297.08,82,63,5.22,PF,1682610045.2416985
228,joshimath,30.5667,79.5667,284.54,83,89,2.29,IN,1682610045.3340354
229,gandu,-13.7439,-39.4867,304.22,48,43,2.58,BR,1682610045.3632388
230,tura,25.5198,90.2201,298.93,38,97,1.88,IN,1682610045.4136887
231,assai,-23.3733,-50.8414,297.07,60,8,3.36,BR,1682610045.448888
232,igrim,63.1906,64.4162,273.2,96,98,3.98,RU,1682610045.4994268
233,ballina,-28.8667,153.5667,290.25,81,53,1.71,AU,1682610045.5485868
234,hawaiian paradise park,19.5933,-154.9731,294.84,88,100,2.06,US,1682610045.5971835
235,eureka,40.8021,-124.1637,284.49,73,52,2.28,US,1682610045.6336048
236,ouro preto do oeste,-10.7481,-62.2158,300.92,85,25,1.27,BR,1682610045.7387636
237,suva,-18.1416,178.4415,296.86,100,20,2.06,FJ,1682610045.784533
238,vredendal,-31.6683,18.5012,291.81,77,85,3.21,ZA,1682610045.8162649
239,vadso,70.0744,29.7487,279.64,75,0,7.72,NO,1682610045.8631945
240,malpe,13.35,74.7167,303.76,71,13,2.13,IN,1682610045.9103804
241,coahuayana de hidalgo,18.7,-103.6583,302.45,37,97,2.0,MX,1682610045.9439085
242,vernon,50.2581,-119.2691,286.27,34,70,2.24,CA,1682610045.9930093
243,raduzhnyy,62.0961,77.475,273.78,99,100,3.06,RU,1682610046.0409024
244,prince george,53.9166,-122.753,275.84,60,0,4.12,CA,1682610046.083747
245,sabha,27.0377,14.4283,307.18,8,0,5.23,LY,1682610046.1281946
246,chayan,43.0297,69.3772,290.35,36,0,3.23,KZ,1682610046.164626
247,newcastle,-32.9272,151.7765,291.36,88,0,2.57,AU,1682610046.2160468
248,pingliang,35.5392,106.6861,283.69,48,99,3.36,CN,1682610046.2526827
249,qarqaraly,49.4058,75.4742,287.56,32,30,1.37,KZ,1682610046.3083212
250,igarka,67.4667,86.5833,266.86,93,100,1.2,RU,1682610046.3445082
251,kudahuvadhoo,2.6708,72.8944,302.32,73,98,2.58,MV,1682610046.3922367
252,codrington,-38.2667,141.9667,288.58,84,14,5.72,AU,1682610046.4404864
253,topchikha,52.8192,83.1185,285.99,65,100,5.73,RU,1682610046.4782016
254,caucete,-31.6518,-68.2811,299.45,30,1,0.93,AR,1682610046.5117953
255,san antonio de pale,-1.4014,5.6325,301.47,70,98,0.75,GQ,1682610046.5578556
256,iwanai,42.9744,140.5089,280.92,65,11,5.6,JP,1682610046.5930564
257,valle hermoso,25.6667,-97.8333,300.07,74,98,0.94,MX,1682610046.6445546
258,dakhla,23.6848,-15.958,295.16,68,14,7.2,EH,1682610046.6922176
259,nyurba,63.2842,118.3319,267.24,99,93,1.7,RU,1682610046.7847812
260,fortuna,40.5982,-124.1573,284.34,64,64,1.85,US,1682610046.8310537
261,baalbek,34.0058,36.2181,286.45,44,2,4.81,LB,1682610046.8659222
262,alesund,62.4723,6.1549,280.79,73,75,5.66,NO,1682610046.9156992
263,xinyuan,37.3,99.0,270.64,21,4,3.83,CN,1682610046.9653735
264,pemangkat,1.1667,108.9667,300.33,80,100,0.86,ID,1682610047.0126455
265,san patricio,28.017,-97.5169,296.07,83,85,6.25,US,1682610047.0793557
266,constantia,44.1833,28.65,286.53,54,100,8.6,RO,1682610047.1222858
267,aktau,43.65,51.2,290.47,75,24,1.81,KZ,1682610047.1724646
268,villa gesell,-37.2639,-56.973,290.96,63,35,2.63,AR,1682610047.2783747
269,palikir - national government center,6.9248,158.1611,299.56,83,100,3.6,FM,1682610047.3211114
270,weno,7.4515,151.8468,299.12,100,100,1.54,FM,1682610047.4324462
271,ebaye,8.7748,167.7392,299.16,89,40,4.12,MH,1682610047.4783742
272,lihue,21.9789,-159.3672,292.73,82,0,4.12,US,1682610047.5174973
273,broome,42.2506,-75.833,285.48,66,75,2.57,US,1682610047.5666327
274,akureyri,65.6835,-18.0878,274.11,47,40,3.09,IS,1682610047.7496693
275,illizi,26.4833,8.4667,310.04,9,13,6.18,DZ,1682610047.8387072
276,port blair,11.6667,92.75,302.02,76,42,2.31,IN,1682610047.8714106
277,solleftea,63.1667,17.2667,275.41,93,100,1.39,SE,1682610047.9300258
278,zarghun shahr,32.8473,68.4457,288.3,49,30,8.64,AF,1682610047.9784625
279,vaughan,43.8361,-79.4983,284.19,53,18,0.45,CA,1682610048.0109344
280,tolanaro,-25.0319,46.9987,296.19,88,40,3.09,MG,1682610048.0580173
281,la passe,45.5549,-0.8967,295.38,80,100,3.99,FR,1682610048.1053348
282,kruisfontein,-34.0033,24.7314,293.09,80,6,8.32,ZA,1682610048.1485846
283,lorengau,-2.0226,147.2712,300.41,80,88,0.65,PG,1682610048.194772
284,bodo,67.28,14.405,279.79,89,75,4.12,NO,1682610048.2376769
285,marsh harbour,26.5412,-77.0636,298.0,73,8,4.2,BS,1682610048.285848
286,fonte boa,-2.4959,-66.2662,303.29,63,87,1.46,BR,1682610048.3875318
287,sitangkai,4.6628,119.3928,302.04,70,100,2.12,PH,1682610048.4302878
288,koppies,-27.2418,27.5742,295.17,46,88,3.55,ZA,1682610048.4728425
289,sao desiderio,-12.3633,-44.9733,307.07,28,4,1.65,BR,1682610048.508343
290,schonkirchen,54.3333,10.2333,282.47,70,20,4.63,DE,1682610048.5568817
291,novo aripuana,-5.1206,-60.3797,304.02,65,66,0.85,BR,1682610048.6095164
292,dukhan,25.4297,50.7858,299.98,46,0,4.28,QA,1682610048.662516
293,chipinge,-20.1883,32.6236,290.51,78,2,2.91,ZW,1682610048.6941404
294,sibolga,1.7427,98.7792,298.4,91,100,0.74,ID,1682610048.7418456
295,altay,47.8667,88.1167,281.03,41,99,3.7,CN,1682610048.787787
296,yaiza,28.9633,-13.7631,294.02,83,20,4.63,ES,1682610048.8282251
297,okahandja,-21.9833,16.9167,300.1,32,96,5.52,NA,1682610048.8738706
298,rio grande,-32.035,-52.0986,297.21,61,4,3.71,BR,1682610048.9142327
299,siwa oasis,29.2041,25.5195,303.06,17,0,8.41,EG,1682610048.9669518
300,bandrele,-12.9067,45.1914,302.01,79,0,2.06,YT,1682610049.012953
301,atafu village,-8.5421,-172.5159,301.77,74,84,4.28,TK,1682610049.0533173
302,magadan,59.5667,150.8,270.5,78,4,4.0,RU,1682610049.0912366
303,kindu,-2.95,25.95,298.12,85,96,1.27,CD,1682610049.1329253
304,hargeysa,9.56,44.065,294.11,77,100,6.11,SO,1682610049.175013
305,segezha,63.7415,34.3222,277.22,85,100,4.93,RU,1682610049.2387202
306,alta,69.9689,23.2717,281.74,46,0,5.14,NO,1682610049.2892847
307,tucumcari,35.1717,-103.725,286.45,66,0,3.6,US,1682610049.3313107
308,birobidzhan,48.8,132.95,277.76,40,89,2.25,RU,1682610049.3716676
309,gazli,40.1333,63.45,298.53,11,1,4.88,UZ,1682610049.4166324
310,krems an der donau,48.4092,15.6142,288.96,43,78,1.21,AT,1682610049.4602368
311,puerto baquerizo moreno,-0.9,-89.6,300.7,78,40,2.06,EC,1682610049.5070412
312,singarayakonda,15.25,80.0333,302.14,80,48,5.16,IN,1682610049.5464954
313,macae,-22.3708,-41.7869,303.01,66,20,5.66,BR,1682610049.5816941
314,zhigalovo,54.8097,105.1578,269.83,96,81,1.42,RU,1682610049.628803
315,nova vicosa,-17.8919,-39.3719,302.31,62,1,3.49,BR,1682610049.73165
316,porto novo,6.4965,2.6036,299.05,66,100,4.49,BJ,1682610049.780086
317,bontang,0.1333,117.5,300.25,83,90,3.99,ID,1682610049.811695
318,belokurikha,51.9959,84.9896,284.8,72,100,4.06,RU,1682610049.8619385
319,tabou,4.423,-7.3528,302.46,70,84,4.25,CI,1682610049.9073796
320,xilin hot,43.9667,116.0333,279.85,17,89,1.05,CN,1682610049.9573746
321,gateway,26.5776,-81.7504,303.15,66,0,4.63,US,1682610049.9955306
322,orcutt,34.8653,-120.436,282.72,100,100,0.0,US,1682610050.0428073
323,golfito,8.639,-83.166,303.32,65,29,1.66,CR,1682610050.0782125
324,sitka,57.0531,-135.33,278.09,81,100,5.14,US,1682610050.123488
325,aneho,6.2333,1.6,301.26,70,99,6.74,TG,1682610050.1624675
326,tambopata,-12.7333,-69.1833,301.09,74,20,1.54,PE,1682610050.2134385
327,longquan,24.6719,102.1613,290.11,61,4,2.13,CN,1682610050.260436
328,dunedin,-45.8742,170.5036,283.6,79,0,0.45,NZ,1682610050.3067937
329,luderitz,-26.6481,15.1594,291.67,64,1,5.96,NA,1682610050.3567212
330,paros,37.0833,25.15,290.54,62,20,10.8,GR,1682610050.3968158
331,kapa'a,22.0752,-159.319,293.14,82,0,4.12,US,1682610050.4434075
332,hithadhoo,-0.6,73.0833,302.45,73,100,4.21,MV,1682610050.4774182
333,itoman,26.1247,127.6694,295.16,73,92,3.09,JP,1682610050.5231216
334,undurkhaan,47.3194,110.6556,273.25,52,41,4.72,MN,1682610050.6611013
335,puerto quijarro,-17.7833,-57.7667,305.32,52,7,0.47,BO,1682610050.695082
336,guerrero negro,27.9769,-114.0611,290.92,73,19,3.35,MX,1682610050.7481084
337,horta,38.5333,-28.6333,290.95,86,40,8.49,PT,1682610050.790169
338,fomboni,-12.28,43.7425,300.66,79,98,5.99,KM,1682610050.8926337
339,lib,8.3122,167.3766,300.64,80,70,6.93,MH,1682610050.930954
340,puerto madryn,-42.7692,-65.0385,291.94,40,89,1.18,AR,1682610050.9860616
341,souillac,-20.5167,57.5167,298.36,78,75,2.06,MU,1682610051.0230124
342,praia,14.9215,-23.5087,301.45,51,0,6.17,CV,1682610051.0679533
343,bondo,3.8146,23.6866,303.16,48,59,0.96,CD,1682610051.1126842
344,immokalee,26.4187,-81.4173,304.23,44,14,4.05,US,1682610051.1468408
345,mount isa,-20.7333,139.5,290.02,72,85,0.51,AU,1682610051.195151
346,vila franca do campo,37.7167,-25.4333,292.38,76,100,6.6,PT,1682610051.2420819
347,romankivtsi,48.4847,27.2138,282.34,55,89,5.51,UA,1682610051.2873268
348,san buenaventura,27.0833,-101.5333,295.08,48,34,4.5,MX,1682610051.3317957
349,villa rica,33.7321,-84.9191,287.63,97,100,0.45,US,1682610051.3778448
350,afif,23.9065,42.9172,297.63,30,64,3.28,SA,1682610051.4256525
351,hillsborough,37.5741,-122.3794,294.48,72,75,2.57,US,1682610051.4686723
352,suruc,36.9761,38.425,291.46,52,14,7.75,TR,1682610051.5104172
353,kilindoni,-7.9139,39.6668,300.98,71,37,6.85,TZ,1682610051.5573025
354,port lincoln,-34.7333,135.8667,289.51,80,76,9.41,AU,1682610051.5961301
355,puerto ayora,-0.7393,-90.3518,302.13,86,51,4.47,EC,1682610051.6296005
356,jaora,23.6333,75.1333,303.14,27,96,2.05,IN,1682610051.6809928
357,leninaul,43.0914,46.5743,286.95,83,94,1.65,RU,1682610051.7088642
358,sinop,41.7711,34.8709,281.39,98,100,1.69,TR,1682610051.768166
359,nogliki,51.8333,143.1667,272.29,98,100,6.53,RU,1682610051.817528
360,naracoorte,-36.9579,140.7383,287.41,95,20,4.32,AU,1682610051.8647277
361,vilyuchinsk,52.9306,158.4028,276.3,87,100,11.04,RU,1682610051.8964117
362,nemuro,43.3236,145.575,278.56,63,0,9.53,JP,1682610051.9876485
363,st. john's,47.5649,-52.7093,278.59,85,100,10.29,CA,1682610052.0381737
364,enewetak,11.3474,162.3373,300.08,78,88,9.27,MH,1682610052.0792375
365,kuching,1.55,110.3333,302.05,94,20,1.03,MY,1682610052.1245222
366,redencao,-4.2258,-38.7306,296.04,98,100,0.52,BR,1682610052.1723046
367,moron,-34.6534,-58.6198,299.27,57,26,1.62,AR,1682610052.203893
368,ojai,34.4481,-119.2429,287.9,36,4,1.5,US,1682610052.2548614
369,smithers,54.7804,-127.1743,274.33,75,75,1.03,CA,1682610052.297028
370,hondo,32.45,130.2,288.55,77,75,2.03,JP,1682610052.3415227
371,valpoy,15.5333,74.1333,301.92,75,6,0.92,IN,1682610052.3739014
372,bahia de caraquez,-0.6,-80.4167,302.25,72,74,0.52,EC,1682610052.4230826
373,socorro,31.6546,-106.3033,292.32,35,0,3.6,US,1682610052.4549572
374,tadine,-21.55,167.8833,296.2,75,82,8.06,NC,1682610052.513373
375,svetlogorsk,52.6333,29.7333,281.45,73,99,3.05,BY,1682610052.5655394
376,katsuura,35.1333,140.3,289.88,71,100,7.27,JP,1682610052.611278
377,along,28.1667,94.7667,293.08,76,81,1.08,IN,1682610052.657497
378,svetlyy,54.675,20.1347,280.18,63,18,5.24,RU,1682610052.6973264
379,kavaratti,10.5669,72.642,301.9,67,37,1.88,IN,1682610052.7488542
380,kodinsk,58.6881,99.1844,268.81,97,30,1.31,RU,1682610052.7953293
381,simpang,-1.2667,104.0833,297.3,94,100,0.45,ID,1682610052.8419704
382,piney green,34.716,-77.3202,294.24,80,100,5.14,US,1682610052.8894837
383,berezovyy,51.6667,135.7,272.17,91,96,1.44,RU,1682610052.93777
384,luau,-10.7073,22.2247,294.18,68,99,1.19,AO,1682610053.0486684
385,brezovica,46.0333,14.4,289.51,69,94,1.41,SI,1682610053.0911949
386,mili,6.0815,171.735,301.01,79,97,6.87,MH,1682610053.1402404
387,impfondo,1.6381,18.0667,302.06,56,71,1.09,CG,1682610053.1713455
388,bani walid,31.7566,13.9942,300.7,24,20,10.35,LY,1682610053.2188692
389,winnemucca,40.973,-117.7357,282.18,46,0,0.0,US,1682610053.2663612
390,puerto el triunfo,13.2833,-88.55,302.66,64,100,2.84,SV,1682610053.3103783
391,rawson,-43.3002,-65.1023,292.13,38,73,3.06,AR,1682610053.3577232
392,puerto carreno,6.189,-67.4859,305.14,58,40,2.06,CO,1682610053.4538667
393,bengkulu,-3.8004,102.2655,298.63,90,100,1.49,ID,1682610053.4942226
394,tra vinh,9.9347,106.3453,301.11,77,94,4.08,VN,1682610053.5270267
395,ressano garcia,-25.442,31.9913,300.94,46,35,2.97,MZ,1682610053.576125
396,nuku'alofa,-21.1333,-175.2,298.34,94,75,6.69,TO,1682610053.6233032
397,mahibadhoo,3.7833,72.9667,302.01,75,100,2.99,MV,1682610053.6706066
398,puerto aysen,-45.4,-72.7,281.17,81,0,0.0,CL,1682610053.708412
399,ar ruways,24.1103,52.7306,300.94,35,0,2.29,AE,1682610053.7451382
400,imbituba,-28.24,-48.6703,298.07,57,1,5.07,BR,1682610053.7988024
401,nantucket,41.2835,-70.0995,284.31,78,75,4.63,US,1682610053.8405235
402,san angelo,31.4638,-100.437,291.25,57,0,5.66,US,1682610053.8904443
403,tehran,35.6944,51.4215,298.14,16,40,5.14,IR,1682610053.9392238
404,nuuk,64.1835,-51.7216,278.49,56,0,7.72,GL,1682610053.9790971
405,anloga,5.7947,0.8973,302.85,73,100,6.69,GH,1682610054.0243337
406,kuta,-8.7233,115.1723,301.12,88,40,4.12,ID,1682610054.071829
407,bikenibeu village,1.3673,173.1241,301.13,78,20,6.17,KI,1682610054.1035593
408,al qadarif,14.0349,35.3834,308.5,24,53,3.47,SD,1682610054.1890829
409,punta alta,-38.8759,-62.0736,295.17,36,95,4.46,AR,1682610054.2258642
410,alice springs,-23.7,133.8833,290.9,77,40,2.69,AU,1682610054.2576184
411,lompoc,34.6391,-120.4579,283.23,100,100,0.0,US,1682610054.311322
412,prince rupert,54.3161,-130.3201,279.98,80,100,7.2,CA,1682610054.3533342
413,ugoofaaru,5.6667,73.0,302.25,75,21,2.92,MV,1682610054.4008305
414,nacala,-14.5428,40.6728,297.25,76,2,3.45,MZ,1682610054.4504824
415,laojunmiao,39.8333,97.7333,273.14,49,92,6.59,CN,1682610054.4934518
416,katpur,21.05,71.7833,302.26,56,65,5.85,IN,1682610054.524682
417,fale old settlement,-9.3852,-171.2468,301.48,74,100,4.57,TK,1682610054.581339
418,jalalaqsi,3.3766,45.5996,304.26,56,92,6.18,SO,1682610054.6269777
419,nar'yan-mar,67.6713,53.087,270.41,88,100,5.55,RU,1682610054.6684139
420,bel ombre,-4.6167,55.4167,302.06,74,40,3.09,SC,1682610054.7127044
421,tateyama,34.9833,139.8667,290.82,70,100,7.72,JP,1682610054.7443018
422,arinos,-15.9169,-46.1056,306.82,25,1,0.94,BR,1682610054.7924628
423,anapa,44.8908,37.3239,290.02,63,0,5.0,RU,1682610054.845168
424,santa vitoria do palmar,-33.5189,-53.3681,297.43,47,0,4.08,BR,1682610054.8890703
425,dubbo,-32.25,148.6167,282.22,81,0,3.6,AU,1682610054.9295444
426,hadibu,12.65,54.0333,302.28,69,25,1.28,YE,1682610055.0223074
427,swan hill,-35.3378,143.5544,293.26,44,90,4.75,AU,1682610055.0635014
428,bamboo flat,11.7,92.7167,302.06,76,42,2.19,IN,1682610055.109779
429,sungai penuh,-2.0833,101.3833,292.56,97,100,0.82,ID,1682610055.1576517
430,malango,-2.9627,119.9001,293.95,99,100,0.84,ID,1682610055.1893075
431,kiunga,-6.1219,141.2906,296.71,100,100,0.71,PG,1682610055.2367435
432,akjoujt,19.6969,-14.4164,312.97,11,0,2.81,MR,1682610055.3000429
433,arnprior,45.4334,-76.3494,285.16,53,12,0.61,CA,1682610055.331098
434,coyuca de benitez,17.0333,-100.0667,301.74,55,31,2.51,MX,1682610055.3749897
435,marica,-22.9194,-42.8186,303.12,73,0,4.59,BR,1682610055.4225142
436,svobodnyy,51.4,128.1333,276.44,45,60,2.82,RU,1682610055.510405
437,esquel,-42.9,-71.3167,282.43,66,100,2.31,AR,1682610055.5531557
438,metlili chaamba,32.2667,3.6333,307.67,7,0,1.54,DZ,1682610055.5978856
439,selkirk,50.1436,-96.8845,277.23,75,98,3.41,CA,1682610055.6377835
440,hotan,37.0997,79.9269,289.45,39,99,2.64,CN,1682610055.6815991
441,pipar,26.3856,73.5378,301.19,36,98,1.07,IN,1682610055.7266638
442,banda aceh,5.5577,95.3222,300.58,80,99,2.78,ID,1682610055.7616138
443,inverell,-29.7833,151.1167,285.43,90,0,2.16,AU,1682610055.9004612
444,buulobarde,3.8538,45.5674,304.03,57,98,7.32,SO,1682610055.944906
445,dumai,1.6833,101.45,297.64,92,100,1.06,ID,1682610055.979158
446,sinmak,38.4167,126.2333,280.7,58,25,1.3,KP,1682610056.024949
447,mukalla,14.5425,49.1242,302.28,73,54,0.7,YE,1682610056.058632
448,susuman,62.7833,148.1667,260.23,99,100,1.6,RU,1682610056.1143146
449,huangmei,30.1924,116.025,291.07,80,82,1.43,CN,1682610056.1555655
450,quellon,-43.1167,-73.6167,283.29,81,100,0.0,CL,1682610056.2017715
451,greymouth,-42.4667,171.2,282.05,91,10,2.57,NZ,1682610056.2427676
452,magong,23.5654,119.5863,295.84,84,45,6.15,TW,1682610056.293668
453,klaksvik,62.2266,-6.589,277.66,76,99,7.63,FO,1682610056.3384302
454,prado,-17.3411,-39.2208,301.39,66,9,3.89,BR,1682610056.3806877
455,cabedelo,-6.9811,-34.8339,304.52,69,54,3.72,BR,1682610056.4287226
456,road town,18.4167,-64.6167,302.2,74,20,3.6,VG,1682610056.4746034
457,es castell,39.8795,4.2854,293.53,64,0,4.12,ES,1682610056.506139
458,saint-pierre,-21.3393,55.4781,297.97,73,75,2.57,RE,1682610056.5550706
459,visby,57.6409,18.296,282.06,75,20,6.69,SE,1682610056.610563
460,basco,20.4487,121.9702,298.69,85,19,8.07,PH,1682610056.6451833
461,antofagasta,-23.65,-70.4,292.75,64,34,4.31,CL,1682610056.6978655
462,glace bay,46.1969,-59.957,283.76,67,75,3.6,CA,1682610056.7365592
463,olyokminsk,60.3736,120.4264,269.97,93,46,0.73,RU,1682610056.7848878
464,sittwe,20.15,92.9,301.6,74,26,3.09,MM,1682610056.8382626
465,xifeng,42.7372,124.7222,284.41,78,100,5.47,CN,1682610056.8803816
466,conduaga,8.862,117.4893,299.44,85,62,1.77,PH,1682610056.9115343
467,lethbridge,49.7,-112.8186,279.07,65,75,5.66,CA,1682610056.9558797
468,kashgar,39.4547,75.9797,283.71,71,75,7.0,CN,1682610057.0028813
469,manicore,-5.8092,-61.3003,302.12,79,75,1.54,BR,1682610057.0507486
470,vilyuysk,63.7553,121.6247,272.16,88,83,3.99,RU,1682610057.0929484
471,timbuktu,16.7735,-3.0074,311.77,5,0,2.95,ML,1682610057.207158
472,tomatlan,19.9333,-105.25,302.88,33,39,1.46,MX,1682610057.2414987
473,camayenne,9.535,-13.6878,305.2,58,0,6.17,GN,1682610057.3016934
474,kingscliff,-28.2667,153.5667,291.33,94,40,1.03,AU,1682610057.345415
475,chikola,43.1906,43.9209,287.62,83,65,0.22,RU,1682610057.487966
476,bhavnagar,21.7667,72.15,304.28,42,40,6.72,IN,1682610057.5739603
477,bubaque,11.2833,-15.8333,299.23,70,52,6.7,GW,1682610057.623912
478,constitucion,-35.3333,-72.4167,290.75,74,62,2.74,CL,1682610057.6735566
479,sparti,37.0733,22.4297,291.82,77,75,1.53,GR,1682610057.7040906
480,dalyellup,-33.3986,115.6168,285.38,73,53,4.07,AU,1682610057.7532237
481,jacutinga,-22.2856,-46.6122,294.42,82,82,2.59,BR,1682610057.810765
482,chongwe,-15.3292,28.682,293.18,53,87,2.52,ZM,1682610057.8424776
483,adam,22.3756,57.5233,303.36,29,46,4.24,OM,1682610057.8915203
484,qamdo,31.1667,97.2333,276.96,37,94,2.08,CN,1682610057.9370234
485,buka,40.8108,69.1986,293.7,38,91,1.19,UZ,1682610057.9851325
486,oak hill,37.9723,-81.1487,292.18,38,100,1.79,US,1682610058.031045
487,am timan,11.0297,20.2827,309.91,23,95,3.0,TD,1682610058.0811207
488,leh,34.1667,77.5833,274.81,63,93,2.7,IN,1682610058.1607618
489,divnomorskoye,44.5011,38.1353,290.09,74,100,2.18,RU,1682610058.1912222
490,micheweni,-4.9667,39.8333,299.87,80,62,7.34,TZ,1682610058.2449265
491,faya-largeau,17.9257,19.1043,315.09,12,0,3.09,TD,1682610058.2949142
492,celestun,20.8667,-90.4,304.69,50,77,4.18,MX,1682610058.327039
493,homer,59.6425,-151.5483,276.93,79,75,0.0,US,1682610058.4201117
494,pandan,14.0453,124.1694,299.63,84,11,3.69,PH,1682610058.467874
495,tual,-5.6667,132.75,301.5,77,96,3.95,ID,1682610058.5087078
496,uturoa,-16.7333,-151.4333,300.78,79,18,4.83,PF,1682610058.554291
497,akhtubinsk,48.2795,46.1722,292.78,40,66,3.44,RU,1682610058.5879765
498,gurupa,-1.405,-51.64,302.68,68,98,0.87,BR,1682610058.700089
499,erenhot,43.6475,111.9767,279.74,23,42,7.83,CN,1682610058.7442214
500,acapulco de juarez,16.8634,-99.8901,302.05,65,40,2.06,MX,1682610058.7743688
501,ngurore,9.2833,12.2333,310.88,27,99,3.21,NG,1682610058.8217394
502,kirensk,57.7853,108.1119,271.43,97,99,1.38,RU,1682610058.9172509
503,pangody,65.85,74.4859,264.87,94,45,4.31,RU,1682610058.96502
504,auki,-8.7676,160.7034,298.11,88,17,1.36,SB,1682610059.0106463
505,mossoro,-5.1875,-37.3442,306.12,62,40,2.06,BR,1682610059.0489259
506,phalodi,27.1333,72.3667,301.35,34,70,4.39,IN,1682610059.0989363
507,penalva,-3.2942,-45.1736,303.75,60,83,1.61,BR,1682610059.1368327
508,labytnangi,66.6572,66.4183,269.51,94,100,5.33,RU,1682610059.1804247
509,antsiranana,-12.2787,49.2917,300.57,69,20,5.14,MG,1682610059.2299132
510,santa marta de ortigueira,43.6833,-7.85,292.18,80,95,1.34,ES,1682610059.262176
511,mount gambier,-37.8333,140.7667,287.58,89,41,4.8,AU,1682610059.3190365
512,howrah,22.5892,88.3103,298.15,88,100,3.6,IN,1682610059.3973236
513,pucallpa,-8.3791,-74.5539,300.17,83,40,1.54,PE,1682610059.4490373
514,port saint john's,-31.6229,29.5448,296.41,88,86,7.32,ZA,1682610059.4908414
515,hannut,50.6714,5.079,288.98,51,96,0.45,BE,1682610059.5432928
516,gumdag,39.2061,54.5906,299.95,35,93,3.44,TM,1682610059.5873926
517,atherton,53.5237,-2.4935,285.53,71,100,1.79,GB,1682610059.6304686
518,portland,45.5234,-122.6762,288.47,76,75,2.24,US,1682610059.6595247
519,ardestan,33.3761,52.3694,293.19,35,99,1.29,IR,1682610059.7118256
520,mount pleasant,32.7941,-79.8626,298.71,76,75,5.14,US,1682610059.7457004
521,newman,37.3138,-121.0208,293.73,65,25,0.45,US,1682610059.7952905
522,usogorsk,63.4106,48.6872,272.85,89,17,2.99,RU,1682610059.8488193
523,nueva helvecia,-34.3,-57.2333,296.81,47,5,2.59,UY,1682610059.8974402
524,chania,35.5122,24.0156,290.93,63,20,3.09,GR,1682610059.944497
525,sandnessjoen,66.0217,12.6316,282.44,61,40,3.09,NO,1682610059.9893112
526,torghay,49.6339,63.4981,293.73,26,100,3.71,KZ,1682610060.0368772
527,cangzhou,38.3167,116.8667,289.49,72,100,3.29,CN,1682610060.086459
528,vangviang,18.9333,102.45,297.48,83,16,0.98,LA,1682610060.1267462
529,sake,-1.5736,29.045,292.08,92,72,0.7,CD,1682610060.1846204
530,north bend,43.4065,-124.2243,284.91,100,0,0.0,US,1682610060.2457323
531,svoge,42.9667,23.35,284.54,75,100,1.91,BG,1682610060.297068
532,red oak,32.5176,-96.8044,291.85,75,75,6.17,US,1682610060.3380308
533,ta`u,-14.2336,-169.5144,300.9,73,100,4.37,AS,1682610060.3771045
534,monrovia,6.3005,-10.7969,305.02,67,37,4.14,LR,1682610060.40824
535,port augusta,-32.5,137.7667,289.49,68,19,1.77,AU,1682610060.4556296
536,selebi-phikwe,-21.979,27.8498,298.97,31,0,3.77,BW,1682610060.5702298
537,abashiri,44.0213,144.2697,281.07,49,8,9.69,JP,1682610060.6105833
538,cooper's town,26.8667,-77.5167,297.68,75,30,4.41,BS,1682610060.6551552
539,taltal,-25.4,-70.4833,293.35,67,2,2.89,CL,1682610060.7098787
540,brigantine,39.4101,-74.3646,287.06,79,100,5.14,US,1682610060.7686572
541,mityana,0.4175,32.0228,291.19,88,100,0.39,UG,1682610060.8262327
542,castillos,-34.1667,-53.8333,296.29,56,0,3.89,UY,1682610060.875726
543,paita,-5.0892,-81.1144,300.43,69,52,3.73,PE,1682610060.9117975
544,westport,41.1415,-73.3579,286.11,87,100,3.6,US,1682610061.030468
